id	link	date	text	category	sentiment
1459304120981100000	https://twitter.com/twitter/statuses/1459304120981102596	Fri Nov 12 23:36:29 +0000 2021	@xj6response @KrisEriksen77 The covid vaccines cause the production of short-term antibodies and nothing more, which gives 0% protection from being infected or spreading the virus, and in some cases will result in antibody dependent enhancement of the disease. long story short, this vaccine is a failure.	efficacy	negative
1459304042660860000	https://twitter.com/twitter/statuses/1459304042660868096	Fri Nov 12 23:36:10 +0000 2021	@henry_roadbilly @DrKyle Sorry I was asking @DrKyle how we know these were preventable if you can die from covid while being double vaccinated.	efficacy	negative
1459303874284630000	https://twitter.com/twitter/statuses/1459303874284634117	Fri Nov 12 23:35:30 +0000 2021	@sgec Old news and a lie.\n\nHmmm...it seems that Gavin Newsom is fine with no side-effects from the vaccine.\n\nThis is what anti-vaxxers do - you'll never see a retraction or apology for the mis-information.\n\nNo integrity whatsoever.\n\n#TyphoidMary	unvax	positive
1459303872900390000	https://twitter.com/twitter/statuses/1459303872900390914	Fri Nov 12 23:35:30 +0000 2021	@CTVNews As long as vaccine companies won‚Äôt allow  early treatments to be used along with vaccines! This pandemic won‚Äôt end	efficacy	negative
1459303836108140000	https://twitter.com/twitter/statuses/1459303836108140553	Fri Nov 12 23:35:21 +0000 2021	@CommrRCMPGRC Imagine the disgust that all those fallen soldiers would feel watching you and this government force good people out of jobs for not taking an experimental vaccine!! The vaccine doesn‚Äôt stop transmission or infection. This is not freedom. History will not remember you kindly!!!!	efficacy	negative
1459303759905890000	https://twitter.com/twitter/statuses/1459303759905890312	Fri Nov 12 23:35:03 +0000 2021	@NameBunchOf123 @CMOH_Alberta Why do you think that is ?  The vaccine is doing its job it wanes. Just like natural immunity. But with less hospitalizations. Which is the goal at this point.  Along with fewer cases of course.	spread	positive
1459303552971580000	https://twitter.com/twitter/statuses/1459303552971587589	Fri Nov 12 23:34:14 +0000 2021	@StopNoPassList Don't the vaxxed also spread covid? If so, does this not render vax passports useless and a mere illusion of safety?	mandates	negative
1459303520461590000	https://twitter.com/twitter/statuses/1459303520461598720	Fri Nov 12 23:34:06 +0000 2021	Some leading causes of death in the State of Texas\n5. Homicide: 1,653\n4. Drug overdose deaths: 2,989\n3. Firearm deaths: 3,583\n2. Accidents: 10,763\n1. Deaths from COVID19 vaccine refusal since June 1, 2021 even though vaccines widely available: 21,000	political	positive
1459303487687170000	https://twitter.com/twitter/statuses/1459303487687172098	Fri Nov 12 23:33:58 +0000 2021	@RogueNerdOne @Stephwolfe101 Except our ignorant #UCP gov't has specifically exempted covid vaccines from mature minor allowance.	political	positive
1459303404249880000	https://twitter.com/twitter/statuses/1459303404249882626	Fri Nov 12 23:33:38 +0000 2021	@Pinkpanther801 @askwhymoreoften @SexyEmmm @GuyThompson_Esq @cbcnewsbc What side effects? The rare ones? Like every vaccine and drug has? Ive had my vaccine for 9 months and no side effects. Almost as if your narrative is fake üêëü§°	side_effect	positive
1459303236607820000	https://twitter.com/twitter/statuses/1459303236607823883	Fri Nov 12 23:32:58 +0000 2021	Third dose COVID-19 vaccination clinic appointments at Wabano for First Nation, Inuit and M√©tis 16 and up are now available!\nAnyone  ‚Äãwho received their second dose of COVID-19 vaccine at least 6 months (24 weeks) ago will be eligible.\n1/3	information	neutral
1459303143519300000	https://twitter.com/twitter/statuses/1459303143519309828	Fri Nov 12 23:32:36 +0000 2021	@badlandj @Stephwolfe101 1 in 5000? The vaccine would be pulled. There's been 6 BILLION doses given, so that would mean MILLIONS became affected.\n\nAlso, my son wound up with myocarditis and pericarditis from his vaccine and I still took my other two the next day for theirs.	side_effect	positive
1459303130059790000	https://twitter.com/twitter/statuses/1459303130059792385	Fri Nov 12 23:32:33 +0000 2021	@vancolour @Schtaunkhauser All soldiers had to present proof of immunization records when they enlisted.  I think they would be fine with the vaccine mandate	mandates	positive
1459303124628210000	https://twitter.com/twitter/statuses/1459303124628217856	Fri Nov 12 23:32:32 +0000 2021	@BoredAlive1 @SexyEmmm @GuyThompson_Esq @cbcnewsbc Youre so delusional this is pointless. You can say the mrna vaccine has over 20 years of testing because they tested in monkeys in the 1990‚Äôs. Will you tho? Nope, only when it supports what u want. It was a different polio vaccine but thats fine i guess ü§°	efficacy	positive
1459303097784620000	https://twitter.com/twitter/statuses/1459303097784627202	Fri Nov 12 23:32:25 +0000 2021	@Martyupnorth_ Nothing says ‚ÄúI‚Äôm a complete idiot‚Äù like referring to a vaccine as the jab.	unvax	positive
1459303089576590000	https://twitter.com/twitter/statuses/1459303089576595458	Fri Nov 12 23:32:23 +0000 2021	@rick_pittman As a nurse of 40 years I am being terminated. When informed consent is not respected, natural immunity and vaccine injuries are ignored, medical science has been overturned to political control. We have early intervention that has been denied to thousands. I'm heartbroken.	mandates	negative
1459303044911290000	https://twitter.com/twitter/statuses/1459303044911296514	Fri Nov 12 23:32:13 +0000 2021	1,122,842 Albertans have not received a single dose of vaccine.  Of those, 660,747 are kids under 12.  An additional 319,604 have recovered from COVID.  It's time to declare that this is an endemic diseases.  What else is there to do?	spread	neutral
1459303020844490000	https://twitter.com/twitter/statuses/1459303020844494849	Fri Nov 12 23:32:07 +0000 2021	Sources: The NBA has informed teams that the league and NBPA is recommending that all players, coaches and Tier 1 personnel receive a booster vaccine dose ‚Äúas soon as possible‚Äù in light of the current coronavirus situation and increasing cases.	information	neutral
1459302736185510000	https://twitter.com/twitter/statuses/1459302736185511937	Fri Nov 12 23:30:59 +0000 2021	@andylumm @zeetubes @judysimpson222 @brendan_neeson @paco7320 @provaxtexan @NiklasT20 @mcfunny @SultaneAlexand1 @IamTybalt79 @JimeeLiberty @TonyBaduy @richienrg @SkepticalMutant @Paulwady @AndrewLazarus4 @thisisnothappen @Monstercoyliar @GeoffSchuler @MsTrixter @olofzonmarcus @TakethatCt @FillmoreWhite @crabb_vicki @Shared_facts @RCPrentice @BigBruce1972 @RREVNEWS @MaureenStroud @ParkinJim @davey3483 @AmyBuchananan @MichaelBuerger8 @PhishNChimps @A_Cuppa_Joey @guns_west @Tony__Heller @Bosky83 @Fleur_Ru11 @melcake1000 @AkireTe @Kathmarval @AJL037 @michaelbranniga @WendyOrent @FactPhily @ItsScienceJim @T33879 @CptMutant @StephenBevan15 Disinformation? First hand interaction with vaccine injured patients is hardly disinformation. People at almost no risk of covid death or complications are now permanently unwell with various disorders ranging from mild to severe. First hand knowledge.	side_effect	negative
1459302718871370000	https://twitter.com/twitter/statuses/1459302718871375883	Fri Nov 12 23:30:55 +0000 2021	@CTVBarrieNews Fear monger much? How about reporting how many vaccine injured people there are now, and deaths associated to getting this poisonous jab?  The main stream media is complicit in all this that is going on now.	side_effect	negative
1459302717038510000	https://twitter.com/twitter/statuses/1459302717038510081	Fri Nov 12 23:30:54 +0000 2021	@MaureenJanssens Drove someone not feeling well to the hospital yesterday ,I learned  that lyme disease here in Nova Scotia is our first climate change epidemic. I also learned that if you go to a hospital showing covid symptoms, as long as  you are v@xxed ,you don't need to be tested for covid	information	neutral
1459302715171940000	https://twitter.com/twitter/statuses/1459302715171946508	Fri Nov 12 23:30:54 +0000 2021	‚ÄúBreakthrough‚Äù infections DO NOT mean vaccines don‚Äôt work. Remember, they are preventives NOT cures. One can still contract COVID once vaccinated. As long as that vaccine is preventing you from facing severe disease and worse, it IS working and doing what it was designed to do.üßµ	efficacy	positive
1459302688840020000	https://twitter.com/twitter/statuses/1459302688840028160	Fri Nov 12 23:30:48 +0000 2021	If the vaccine doesn‚Äôt prevent transmission, how does an unvaccinated care worker pose any greater risk to a care home resident than a vaccinated one?\n\nI feel like I‚Äôm going slowly insane..	efficacy	negative
1459302521571190000	https://twitter.com/twitter/statuses/1459302521571196933	Fri Nov 12 23:30:08 +0000 2021	@c_19survivor @MakisMD @NaheedD No one knows. It's a novel pathogen. We will see. But counting on vaccination to end the pandemic is foolish. It will help *reduce sickness and death, but as long as this virus circulates widely everyone whose immune system can't cope for ANY reason will always be vulnerable.	efficacy	positive
1459302495986090000	https://twitter.com/twitter/statuses/1459302495986098176	Fri Nov 12 23:30:02 +0000 2021	A friend that had the flu vaccine ill in bed with flu.\n\nAnother friend double jabbed, ill in bed with covid. \n\nI'm confused üò≥\n\nWhat are vaccines for again?	efficacy	negative
1459302415191130000	https://twitter.com/twitter/statuses/1459302415191138304	Fri Nov 12 23:29:42 +0000 2021	Anti-vaxxers never cease to amuse me. Y'all dug your Walmart heels in to avoid getting vaccinated because you're convinced it's "bad for you", yet hop on every bizarre conspiracy theory to "protect" against covid....\n\nIvermectin, bleach, borax...just #GetVaccinated	unvax	positive
1459302340536760000	https://twitter.com/twitter/statuses/1459302340536766466	Fri Nov 12 23:29:25 +0000 2021	@jenneraub December/January. It used to be cold and flu season now it will be ‚Äúthose antivaxxers gave me covid‚Äù season	unvax	positive
1459302252871430000	https://twitter.com/twitter/statuses/1459302252871438338	Fri Nov 12 23:29:04 +0000 2021	@tr6_guy @sportsgeek22 You're confusing absolute immunity with protection. No vaccine provides 100% immunity. Vaccines do, however, provide protection with reduced effects and reduced rates of hospitalization and death.	efficacy	positive
1459302246777190000	https://twitter.com/twitter/statuses/1459302246777196547	Fri Nov 12 23:29:02 +0000 2021	@DragonSol4 @ChrisMacSweyn @bibliolept @jordanbpeterson @YouTube I dont see anything in it that supports your point above. This fellow sent a request for docs from CDC for very specific info on people that are unimmunized, get covid, get covid again and then pass it on to someone else.  They dont have those docs. That's all it says.	efficacy	neutral
1459302128413980000	https://twitter.com/twitter/statuses/1459302128413982725	Fri Nov 12 23:28:34 +0000 2021	@NewsHour When it comes to the NFL, fines are part of collective bargaining. Comparing the difference between a covid fine and uniform fine is misleading without that knowledge.	mandates	positive
1459301922394050000	https://twitter.com/twitter/statuses/1459301922394054660	Fri Nov 12 23:27:45 +0000 2021	Her inaction is the message - her base was angry about the covid restrictions in the last waves. So, by doing almost nothing, she is telling them that she is a new version of Pallister, but even more against restrictions. The time to act has passed. This is intentional. 3/5	political	positive
1459301915683130000	https://twitter.com/twitter/statuses/1459301915683131397	Fri Nov 12 23:27:43 +0000 2021	@MusicBurrows @Evista122 @RubinReport "HEART inflammation triggered by some covid-19 vaccines has been a concern, especially in younger people, but a preliminary study suggests that in those most affected, it is six times more likely to occur after a coronavirus infection than after vaccination."	efficacy	positive
1459301855884830000	https://twitter.com/twitter/statuses/1459301855884832769	Fri Nov 12 23:27:29 +0000 2021	@CMOH_Alberta Is there a timeline by which AB‚Äôs vaccine passport will align with the Federal one ? Visa issues for international travelling due to QR code not meeting international requirements.	information	neutral
1459301822192090000	https://twitter.com/twitter/statuses/1459301822192099339	Fri Nov 12 23:27:21 +0000 2021	@AndrovicPpc But science and covid-math says vax passports prevent infection and spread, even when the vaccine doesn‚Äôt. The tv, paid doctors, and politicians says so.	efficacy	negative
1459301809718240000	https://twitter.com/twitter/statuses/1459301809718243331	Fri Nov 12 23:27:18 +0000 2021	It might be surprising that this MB PC government, well into the 4th wave of covid, is suggesting only minimal restrictions. Why is there no action? It is about the message, and this MB PC government‚Äôs trademark is sending messages through inaction. A short thread üßµ 1/5	political	positive
1459301806584970000	https://twitter.com/twitter/statuses/1459301806584971266	Fri Nov 12 23:27:17 +0000 2021	@CMOH_Alberta Is there any modeling involved in these figures, or is every patient‚Äôs vaccination status being logged, and, if so, where is that data?	information	neutral
1459301745465570000	https://twitter.com/twitter/statuses/1459301745465573383	Fri Nov 12 23:27:03 +0000 2021	@CMOH_Alberta If someone has a serious adverse reaction to vaccine and end up in the ICU are the counted as in vaccinated?	information	neutral
1459301642914820000	https://twitter.com/twitter/statuses/1459301642914828294	Fri Nov 12 23:26:38 +0000 2021	Alberta says it has received 5,000 doses of the Janssen vaccine, which it will be offering to residents aged 18 and older. Premier Jason Kenney says the province will continue to advocate for more Janssen doses 'as we do everything we can to get more Albertans vaccinated.'	information	neutral
1459301601835950000	https://twitter.com/twitter/statuses/1459301601835954180	Fri Nov 12 23:26:29 +0000 2021	@KariLake So far, Democrats have cut child poverty in half, added 5.3 million jobs, managed the most ambitious vaccine rollout in the nation‚Äôs history, and passed a $1.2 trillion investment in the water, roads, bridges and broadband.\n\nTrump gave $2 trillion to the rich and tweeted a lot.	political	positive
1459301582592350000	https://twitter.com/twitter/statuses/1459301582592352257	Fri Nov 12 23:26:24 +0000 2021	@Stephwolfe101 I think that's overstepping, because while I'm not against the vaccine, that's a decision for me to make. I'm their parent.\n\nWhen it involves other people's kids, I don't get too involved. We only look through one way glass into their lives, but most see a mirror.\n\nGood topic.	children	neutral
1459301470898160000	https://twitter.com/twitter/statuses/1459301470898167809	Fri Nov 12 23:25:57 +0000 2021	@Stelios63958635 @FrankGrimes_Jr Which makes this all even worse. People can look up the data. People can find the facts. People are still choosing to segregate based on vaccine status.	mandates	negative
1459301410852540000	https://twitter.com/twitter/statuses/1459301410852544514	Fri Nov 12 23:25:43 +0000 2021	Daycare colds must be 7 times as contagious as covid....	children	negative
1459301239020290000	https://twitter.com/twitter/statuses/1459301239020298245	Fri Nov 12 23:25:02 +0000 2021	@youutube88 @ClareCraigPath Making the point again that the vaccine is one of a number of protocols needed to combat the disease.	mandates	positive
1459300508146060000	https://twitter.com/twitter/statuses/1459300508146061312	Fri Nov 12 23:22:08 +0000 2021	Trying to ‚Äòundo‚Äô a perfectly safe and incredibly effective vaccine by downing toxic chemicals like Borax is not quite the own Republicans think it is.	unvax	positive
1459300450650440000	https://twitter.com/twitter/statuses/1459300450650447873	Fri Nov 12 23:21:54 +0000 2021	@LordChancello13 @CBCAlerts ‚Ä¶..they have? Many times? Studies show it‚Äôs quite hit or miss and is largely dependant on the individual so they recommend vaccination for the highest levels of protection across the board.\n\nBut you already knew this.	efficacy	positive
1459300332945680000	https://twitter.com/twitter/statuses/1459300332945686528	Fri Nov 12 23:21:26 +0000 2021	"Children may not be forced into taking EUA products and are entitled by law to refuse them. Conditioning access to education on treatment with an unapproved vaccine is the antithesis of free and informed consent."\n\nGreat column by @Leftylockdowns1	children	positive
1459300241958730000	https://twitter.com/twitter/statuses/1459300241958739973	Fri Nov 12 23:21:04 +0000 2021	@GrtWhtNrthAlex @CTVNews For every TX &amp; FL, there‚Äôs states that responded well. What‚Äôs your solution then? The vaccine and passport were sold as a way to get back to normal so, as long as people have both, I don‚Äôt see an issue. We‚Äôre going to have to learn to live with covid eventually	mandates	positive
1459300199562570000	https://twitter.com/twitter/statuses/1459300199562575874	Fri Nov 12 23:20:54 +0000 2021	@JaymeBeanAuthor Maybe instead of shitting on each other we ask the government how many shots they‚Äôre gonna make us take? It‚Äôs not anti-vaccine per say, it‚Äôs anti-fucked up government control. Nothing actually makes sense.	political	negative
1459300135955950000	https://twitter.com/twitter/statuses/1459300135955951624	Fri Nov 12 23:20:39 +0000 2021	@grannycindy57 @JasonCoppingAB @AHS_media A simply thanks to the feds for procuring this fairly fast, when it wasn't a vaccine that canada was going to bring in, and only did for Alberta.. just seems like it's pertinent to acknowledge how it got here, right? Or is your hate that deep seeded?	political	positive
1459300071967650000	https://twitter.com/twitter/statuses/1459300071967657988	Fri Nov 12 23:20:24 +0000 2021	@SubtleEnormity @AHS_media I love that you‚Äôre trying to tell me the vaccine profiles of the patients I see, like I don‚Äôt check that myself.  And you‚Äôre incorrect.	efficacy	positive
1459300060571700000	https://twitter.com/twitter/statuses/1459300060571701251	Fri Nov 12 23:20:21 +0000 2021	@RichSandersen This is all I found.\n\n"We were told that vaccines would end the Covid pandemic. But they merely altered Covid to a manageable disease that you could still contract while vaccinated."	efficacy	neutral
1459299981110640000	https://twitter.com/twitter/statuses/1459299981110640641	Fri Nov 12 23:20:02 +0000 2021	@Beyond_Mystic @clif_high @RealistNews @MorigeauJanine Article comment: "Just a coincidence that his company managed a clinical study that shows the virus sterilizes men and the vaccine sterilizes women."	side_effect	negative
1459299905579530000	https://twitter.com/twitter/statuses/1459299905579536384	Fri Nov 12 23:19:44 +0000 2021	@julieanngirly @TheChrisSkinner @BangoRevo @danielkotzin No vaccine let it be a for the flu, chicken pox, etc is 100% and in what way does it not follow the criteria?	efficacy	positive
1459299825078440000	https://twitter.com/twitter/statuses/1459299825078448136	Fri Nov 12 23:19:25 +0000 2021	@canteach Not sure we will eat out when they eliminate the vaccine mandate requirement for restaurants though. Still debating that. Will have to see how the vax numbers are once the kids start to be innoculated.	spread	positive
1459299579346650000	https://twitter.com/twitter/statuses/1459299579346653185	Fri Nov 12 23:18:26 +0000 2021	Hey @McDonaldsCanada no system is going to be perfect at stopping the spread of covid, I strongly suggest that an employee at 10240 King George,Surrey, BC reaching around the plexiglass to do a hand clasp with his friend and then touching things behind the counter is not helpful	mandates	positive
1459299409196300000	https://twitter.com/twitter/statuses/1459299409196302345	Fri Nov 12 23:17:46 +0000 2021	BREAKING: Majority of U.S. federal employees oppose Biden‚Äôs COVID-19 vaccine mandate üá∫üá∏	mandates	negative
1459299331698080000	https://twitter.com/twitter/statuses/1459299331698085889	Fri Nov 12 23:17:27 +0000 2021	@BoredAlive1 @SexyEmmm @GuyThompson_Esq @cbcnewsbc If we cant get rid of it then why are 75% of cases unvaccinated when only 1/5 of the population is unvaccinated. Pretty clear that with proper vaccination we can. Weve never had a proper vaccination campagin against this type of virus, thats why it hasnt been done ü§°	efficacy	positive
1459299307832540000	https://twitter.com/twitter/statuses/1459299307832549379	Fri Nov 12 23:17:22 +0000 2021	Obviously, taking a bath in borax to ‚Äúundo‚Äù the vaccine doesn‚Äôt work.\n\nBut people are trying.\n\n‚ÄúOnce you‚Äôre injected, the lifesaving vaccination process has already begun," virologist Angela Rasmussen told me.\n\n"You can‚Äôt unring a bell. It‚Äôs just not physically possible."	efficacy	negative
1459299131214730000	https://twitter.com/twitter/statuses/1459299131214737413	Fri Nov 12 23:16:40 +0000 2021	@BadPokerPlayerr @CTVToronto That vaccination proof thing will never be lifted. I‚Äôll put money on that now. Kind of pointless as it is other than a way for contract tracing in case of an outbreak. If there haven‚Äôt been any outbreaks at hockey or basketball games I think we‚Äôre ok. Whole thing sounds like bull	spread	negative
1459299123899760000	https://twitter.com/twitter/statuses/1459299123899764736	Fri Nov 12 23:16:38 +0000 2021	@MilkFiend17 @roussin_brent just for those that are unvaxed and have covid.. if you are fully vaxed and have covid you wouldn't pay as you got the vaccine and ur case is a break through case. as currently 90% of all ICU and hospital beds are being used by someone with coivd and is unvaxed.	unvax	positive
1459299122838570000	https://twitter.com/twitter/statuses/1459299122838573061	Fri Nov 12 23:16:38 +0000 2021	@GizmosSpace I‚Äôm vaccinated, all my family except 11 year old granddaughter, over 400 new cases of COVID. Our hospitals are full due to the unvaccinated, getting my booster next week and will still wear my mask. Normal life? Conspiracy theories and lies are why people aren‚Äôt getting vaccines	unvax	positive
1459298990634180000	https://twitter.com/twitter/statuses/1459298990634188800	Fri Nov 12 23:16:06 +0000 2021	@Shoey555 @BornThisWay1966 @CTVToronto @fordnation Oh well those anti vaccine staff are being terminated	mandates	neutral
1459298838297000000	https://twitter.com/twitter/statuses/1459298838297006080	Fri Nov 12 23:15:30 +0000 2021	@BoredAlive1 @SexyEmmm @GuyThompson_Esq @cbcnewsbc So he did animal testing first? So? So did the covid vaccines. He spent years getting approval for trials. That doesnt change the fact that the time from human testing to approval was only a year. The polio vaccine wasnt tested in humans for years.	efficacy	positive
1459298815425460000	https://twitter.com/twitter/statuses/1459298815425462274	Fri Nov 12 23:15:24 +0000 2021	-vaccine passports may have some value as long as they are used *along with* not *instead of* mitigations. These do not replace mitigations (masks, quarantine, ventilation)\nRecent work shows secondary attack rates in household even among the vaccinated were 25% (38% in unvax)!	mandates	positive
1459298746127160000	https://twitter.com/twitter/statuses/1459298746127163401	Fri Nov 12 23:15:08 +0000 2021	@ChuckCallesto @cnn why don‚Äôt you have that death tally marker... on you had on your screen.. for deaths after vaccination...	efficacy	negative
1459298710639320000	https://twitter.com/twitter/statuses/1459298710639325186	Fri Nov 12 23:14:59 +0000 2021	@CTVToronto EXACTLY! Stop enforcing vaccine on the persons who don‚Äôt want to	mandates	negative
1459298700950480000	https://twitter.com/twitter/statuses/1459298700950482947	Fri Nov 12 23:14:57 +0000 2021	For anyone on the fence, retweeting or liking this does not make you an 'anti-vaccine' sympathizer. Rather, it makes you a human-being with the ability to feel empathy towards all people, regardless of whether you agree with them or not.	unvax	neutral
1459298619505260000	https://twitter.com/twitter/statuses/1459298619505266690	Fri Nov 12 23:14:38 +0000 2021	look who cares if ding-dongs think they can "detox" from getting the vaccination. Let them believe it. Let them tell all of their ding-dong friends that it totally works. This is a good thing, people.	unvax	positive
1459298481684810000	https://twitter.com/twitter/statuses/1459298481684811787	Fri Nov 12 23:14:05 +0000 2021	@CTVBarrieNews I need to ask. You can only go to a restaurants with proof of vaccination and all I hear is that gyms and restaurants are on the top of the list again and yet personally I have only heard of one restaurants that had 1 positive case. This makes no sense.	efficacy	negative
1459298363178760000	https://twitter.com/twitter/statuses/1459298363178766340	Fri Nov 12 23:13:36 +0000 2021	I just spent time with an individual who is willing to give up an 18 year career on Monday because he refuses  get the Covid vaccine for work. Not a smart decision in my opinion. #COVID19	unvax	positive
1459298249546810000	https://twitter.com/twitter/statuses/1459298249546813453	Fri Nov 12 23:13:09 +0000 2021	In Toronto, kids aged 4-13 have the highest COVID case rates in the city.\n\nWith vaccines for 200,000 5-11 year olds in Toronto (hopefully) to be approved in weeks, we have a huge chance to protect kids &amp; our city.\n\nCollectively, let‚Äôs remain cautious and get our city vaccinated.	children	positive
1459298112741280000	https://twitter.com/twitter/statuses/1459298112741289986	Fri Nov 12 23:12:37 +0000 2021	@CheriDiNovo Maybe he's promoting it because it might prevent covid in jack asses.	efficacy	positive
1459298107238320000	https://twitter.com/twitter/statuses/1459298107238322181	Fri Nov 12 23:12:35 +0000 2021	@jmrz @bennessb Canada has been mixing and matching first and second doses my third dose will probably be a moderna where my first two were a Pfizer	political	neutral
1459298064473200000	https://twitter.com/twitter/statuses/1459298064473206784	Fri Nov 12 23:12:25 +0000 2021	Some late Friday changes to NL COVID rules:\nGatherings at an arts centre, wedding, funeral, religious service can operate at full capacity with NO physical distancing (must wear a mask, proof of vax), as long as food isn't being served #covid19nfld	information	neutral
1459297907375360000	https://twitter.com/twitter/statuses/1459297907375366144	Fri Nov 12 23:11:48 +0000 2021	@wdnot40 @roussin_brent smoking is a addiction. choosing not to get a vaccine is plain stupidity and selfishness.	unvax	positive
1459297853738820000	https://twitter.com/twitter/statuses/1459297853738823680	Fri Nov 12 23:11:35 +0000 2021	BOOM! Washington State University has fired its football coach, Nick Rolovich, for failing to comply with the state's vaccine mandate.\n\nRetweet to thank Washington State University for staying strong!	mandates	positive
1459297795601570000	https://twitter.com/twitter/statuses/1459297795601571840	Fri Nov 12 23:11:21 +0000 2021	York Region is reporting 51 new cases of covid today. For comparison last Friday 32 cases were reported	information	neutral
1459297652349470000	https://twitter.com/twitter/statuses/1459297652349476865	Fri Nov 12 23:10:47 +0000 2021	@donlemon We're you aware the CDC doesn't collect data on the question of if people who've had covid could pass it on if they get sick again, despite antibodies	political	negative
1459297572871290000	https://twitter.com/twitter/statuses/1459297572871294981	Fri Nov 12 23:10:28 +0000 2021	@bubly2021 @BernieSpofforth @GremlinPeppa Did some research. Arrest would be for trespassing. Police are only called when someone who is not wearing a mask refuses to leave the premises. Probably also now that vaccines are mandated, if they don‚Äôt have vaccine passport &amp; won‚Äôt leave. At least in BC.	mandates	neutral
1459297533587430000	https://twitter.com/twitter/statuses/1459297533587439620	Fri Nov 12 23:10:19 +0000 2021	@PekalaLaw I can't wait for the climate change vaccine	efficacy	negative
1459297146264560000	https://twitter.com/twitter/statuses/1459297146264563713	Fri Nov 12 23:08:46 +0000 2021	My 14 year old daughter told me she would like to know about the vaccine and why we have chosen not to get it. I think it would really help to just show her the raw data. Please share your links below to articles, including main stream news articles. I want her to see both sides	information	negative
1459297119068640000	https://twitter.com/twitter/statuses/1459297119068643333	Fri Nov 12 23:08:40 +0000 2021	BREAKING: A San Francisco police officer who REFUSED to receive the COVID vaccine and was was placed on leave for failing to follow health requirements...\n\n...Has died after contracting COVID. ü§®	mandates	positive
1459297044254880000	https://twitter.com/twitter/statuses/1459297044254887944	Fri Nov 12 23:08:22 +0000 2021	@Rschooley Counterpoint: No one actually regrets getting the vaccine.	unvax	positive
1459296859672000000	https://twitter.com/twitter/statuses/1459296859672002562	Fri Nov 12 23:07:38 +0000 2021	I don't care if Aaron Rodgers got the vaccine or not it's his body it's his choice it's nobody else's business	political	negative
1459296751098150000	https://twitter.com/twitter/statuses/1459296751098159109	Fri Nov 12 23:07:12 +0000 2021	@TaborTimeYT I wish I could go to the theatre but I don‚Äôt have a ‚Äúvaccine passport‚Äù benefits of living in Canada lol	mandates	negative
1459296419177660000	https://twitter.com/twitter/statuses/1459296419177660416	Fri Nov 12 23:05:53 +0000 2021	If the covid vaccines aren‚Äôt working very well now, the most likely inference is that they never worked very well, not that they would work well if we submitted to more shots.	efficacy	negative
1459296357701790000	https://twitter.com/twitter/statuses/1459296357701799936	Fri Nov 12 23:05:38 +0000 2021	@robferguson1 Let him know Simcoe Muskoka PHU allows water shut off saying it's not a Public Health risk#ramara#dunlop#covid	political	positive
1459296354304330000	https://twitter.com/twitter/statuses/1459296354304335874	Fri Nov 12 23:05:37 +0000 2021	@BarbaraCastor2 @_pilot_pirx @swimmingthegrey @Leftylockdowns1 I would think the vaccinated would be outraged everytime they say the vaccine will end the pandemic. It hasn't anywhere. #livewithcovid	unvax	negative
1459296103220720000	https://twitter.com/twitter/statuses/1459296103220723713	Fri Nov 12 23:04:38 +0000 2021	ONTARIO, an assoc. I belong to is having it's Christmas party at the Legion. The invitation says "double vaccination proof/ID required". I will NOT be going. Ironic that an establishment for those that fought for our Freedom requires you to forfeit your Freedom to attend.	mandates	negative
1459296050687230000	https://twitter.com/twitter/statuses/1459296050687234048	Fri Nov 12 23:04:25 +0000 2021	@OntarioKelli I'm so sorry Kelli, we just seem to be going in circles with covid!!\n\nI am praying for everyone affected by this outbreak.	spread	neutral
1459295726303910000	https://twitter.com/twitter/statuses/1459295726303911945	Fri Nov 12 23:03:08 +0000 2021	My son got his first Covid vaccine today. \n\nHe hates needles and was upset at first, but toughened up immediately when I reminded him that we are fighting the virus that killed his grandpa. \n\nIt was a proud parent moment for me.	children	positive
1459295723602590000	https://twitter.com/twitter/statuses/1459295723602595845	Fri Nov 12 23:03:07 +0000 2021	@cmaconthehill @MBernardoNews Great!  \n\nIt is now 6 months &amp; four days since my second AZ vaccine.\n\nWhere is my booster, Dr. Bonnie Henry?  \n\nDo I really have to wait until February to get it?\n\nDoes that mean I am currently *not* protected against #COVID19???\n\n#BCpoli #COVID19BC #BoosterShot #DrBonnieHenry	political	positive
1459295717512590000	https://twitter.com/twitter/statuses/1459295717512597506	Fri Nov 12 23:03:06 +0000 2021	"This will all be over once there's a vaccine"	efficacy	negative
1459295574893730000	https://twitter.com/twitter/statuses/1459295574893735937	Fri Nov 12 23:02:32 +0000 2021	People are still talking about ‚Äúimmunocompromised people who can‚Äôt get the vaccine‚Äù and it‚Äôs pissing me off. They‚Äôre not live vaccines! Immune compromised people (like me) need the vaccine more than anyone. There are medical reasons to not get vaccinated, but this is not one!	side_effect	positive
1459295492794420000	https://twitter.com/twitter/statuses/1459295492794429445	Fri Nov 12 23:02:12 +0000 2021	@danielkotzin But of course, the plan was never to have effective vaccines like the polio shot so we can take it and be done with Covid and be back to 2019 life.\n\nThe plan was always this freedom-for-subscription model, QR codes for entry, and medical checkpoints in perpetuity.	mandates	negative
1459295479930310000	https://twitter.com/twitter/statuses/1459295479930318849	Fri Nov 12 23:02:09 +0000 2021	You cannot sue vaccine producers.\n\nThey have no liability for their product.\n\nDoes this make you feel good?\n\nCan you think of a business model that exemplifies fiat maximalism more than pharmaceuticals?\n\n#fiatdisease	efficacy	negative
1459295218872630000	https://twitter.com/twitter/statuses/1459295218872635393	Fri Nov 12 23:01:07 +0000 2021	Every time someone explains how some action to fight covid or protect the climate would be nice but is too costly to "the economy" I just want to shout: THE ECONOMY IS AN EMERGENT PROPERTY OF PEOPLE AND ECOSYSTEMS!!	mandates	positive
1459295197410500000	https://twitter.com/twitter/statuses/1459295197410508814	Fri Nov 12 23:01:02 +0000 2021	@bamesbmw @SamIAm2021MD Why is it not working for some people that are fully vaxxed without the vaccine waning. How is it getting though into the cells?	efficacy	negative
1459295135100010000	https://twitter.com/twitter/statuses/1459295135100018697	Fri Nov 12 23:00:47 +0000 2021	@taylorlaj @RebelNewsOnline Do you think one power structure is behind all the vaccine mandates?  I see it as many power structures and many citizens and many health professionals agreeing on an approach.  But hopefully ending as soon as possible as I dislike rules and mandates.	mandates	negative
1459294804014160000	https://twitter.com/twitter/statuses/1459294804014161921	Fri Nov 12 22:59:28 +0000 2021	@CTVAnchor @CTVAtlantic I once served as an active member of the Canadian Military. I was willing to protect this country against all evils no matter the cost. As a veteran, I am willing to carry on those duties and do the same. I got my covid-19 vaccines and got the records to prove it, months ago. 1/2	efficacy	positive
1459294794816140000	https://twitter.com/twitter/statuses/1459294794816143360	Fri Nov 12 22:59:26 +0000 2021	Shorter shorter Press conference: \n1. we have to be careful on vaccine rollout.\n2. vaccines won‚Äôt help.\n3. but we can‚Äôt tread on anti vaxers feels either\n4. its not that bad. it only looks bad.\n5. we‚Äôre going to ignore most of the OMT again.\n6. Let er rip.	unvax	negative
1459294572106890000	https://twitter.com/twitter/statuses/1459294572106891266	Fri Nov 12 22:58:33 +0000 2021	@Leafsgirlfan30 @birgitomo @fordnation @Sflecce Do you think they're going to get rid of covid? (Impossible)\nThey will get better at selling you things that will make you feel a little safer. (How much for a box of masks now?)	efficacy	negative
1459294491479710000	https://twitter.com/twitter/statuses/1459294491479711744	Fri Nov 12 22:58:13 +0000 2021	REMINDER: Vaccinated people also spread COVID. Therefore there‚Äôs no possible reason for a vaccine mandate at work. Even if you think the vaccine is effective, it protects no one but the person who took it.\n\nThe most basic truths get lost so easily these days.	efficacy	negative
1459294289612120000	https://twitter.com/twitter/statuses/1459294289612128258	Fri Nov 12 22:57:25 +0000 2021	China says they only had 26 new Covid cases today‚Ä¶in a country of 1.4 billion people‚Ä¶using some shitty Chinese vaccine to inoculate themselves. World class liars; that‚Äôs what they are	efficacy	negative
1459294266447080000	https://twitter.com/twitter/statuses/1459294266447085569	Fri Nov 12 22:57:20 +0000 2021	@ctvottawa i see kids walking alone on the sidewalk with masks on, actually i see adults do the same... is covid just floating in the air all the time?	unvax	negative
1459293553692220000	https://twitter.com/twitter/statuses/1459293553692221440	Fri Nov 12 22:54:30 +0000 2021	@ctvwinnipeg Not again when is this nightmare going to end, they should start putting the third vaccine to everyone	mandates	positive
1459293461874670000	https://twitter.com/twitter/statuses/1459293461874675714	Fri Nov 12 22:54:08 +0000 2021	I was in parliament today. \nHouse security discreetly asked to confirm my vaccination status.\nI thanked them.\nEveryone has a right to a safe workspace.\nI look forward to every MP showing up on Nov 22 ready for work - ready to keep colleagues safe.\nOtherwise stay home.	mandates	positive
1459293413103300000	https://twitter.com/twitter/statuses/1459293413103308815	Fri Nov 12 22:53:56 +0000 2021	Biden‚Äôs vaccine mandate is just the first step. Next, they‚Äôre going to FORCE you to get a vaccine to travel, go to school, have a medical procedure, and go to the grocery store. This is all about CONTROL - zero science!	mandates	negative
1459293028078600000	https://twitter.com/twitter/statuses/1459293028078608387	Fri Nov 12 22:52:24 +0000 2021	Can't emphasize enough that all these recent ableist articles are propaganda to control the narrative during a mass disabling event. It's in the state's best interest to downplay the severity of long covid &amp; reinforce the idea that health can be controlled through "good choices"	mandates	negative
1459292902409090000	https://twitter.com/twitter/statuses/1459292902409097218	Fri Nov 12 22:51:54 +0000 2021	If you experience heart inflammation, heart attacks, strokes, Bell‚Äôs Palsy, blood clots, fucked up periods, the inability to move limbs, seizures or death... don‚Äôt worry, it just means the vaccine is working.	side_effect	negative
1459292743893600000	https://twitter.com/twitter/statuses/1459292743893602304	Fri Nov 12 22:51:17 +0000 2021	@trendless @Gill25T @politicalham i don't read the article as arguing against boosters. \n\narticle just clarifies that the vaccine protection against severe disease is so far relatively stable.   yes, against infection, some decline. \n\nBut, still offers protection against ending up needing hospital level care	efficacy	positive
1459292691150380000	https://twitter.com/twitter/statuses/1459292691150381057	Fri Nov 12 22:51:04 +0000 2021	Purpose of vaccine passports isn‚Äôt to stop transmission of the virus b/c ppl who are vaccinated can still become infected &amp; transmit the virus. Purpose of vaccine passports isn‚Äôt to identify ppl who are immune b/c existence of natural immunity being denied. This is about control.	mandates	negative
1459292434593050000	https://twitter.com/twitter/statuses/1459292434593050627	Fri Nov 12 22:50:03 +0000 2021	@FPVaughanIII Considering his hatred of those who don‚Äôt want to take the vaccines b/c of legit concerns‚Ä¶and their legal right to SAY NO‚Ä¶I wonder how .@genesimmons feels about this one?  GS does, after all, not spare his comments about vax-hesitant ppl who die from Covid.	unvax	negative
1459292402242530000	https://twitter.com/twitter/statuses/1459292402242535425	Fri Nov 12 22:49:55 +0000 2021	@DJennings2012 @ColinDMello @SeanDavidson_ Because when you're living in a world of proven percentages and risk levels, having a proof of vaccine passport requirement keeps things at a manageable place. A place where less people are dying and our entire healthcare system can keep up.	mandates	positive
1459292020426470000	https://twitter.com/twitter/statuses/1459292020426477572	Fri Nov 12 22:48:24 +0000 2021	@680CJOB I‚Äôll gladly pay before getting an untested vaccine.	efficacy	negative
1459291998779750000	https://twitter.com/twitter/statuses/1459291998779756553	Fri Nov 12 22:48:19 +0000 2021	@ColinDMello @SeanDavidson_ I know of 2 restos that aren't and won't say where and who they need to work...should they yes..but you know what vaccinated people are getting covid more and more so dont know why we are doing this	mandates	negative
1459291978953330000	https://twitter.com/twitter/statuses/1459291978953338880	Fri Nov 12 22:48:14 +0000 2021	@louern @birgitomo Fake news. Those numbers are impossible. Pfizer proved the vaccine is over 90% effective. Stop lying to people.	efficacy	positive
1459291911710290000	https://twitter.com/twitter/statuses/1459291911710294017	Fri Nov 12 22:47:58 +0000 2021	So my child might have asthma ü§¶üèª‚Äç‚ôÄÔ∏è emotional rollercoaster never ends üé¢ I know many of you are in this boat too. How do you deal right now w covid? He‚Äôs &lt;5 and in daycare bc of my condition.	children	neutral
1459291866835210000	https://twitter.com/twitter/statuses/1459291866835214343	Fri Nov 12 22:47:48 +0000 2021	#cdnpoli Alberta covid cases levelling out.\n\n7 deaths over two days.\n\n470 cases on Nov. 10.\n371 on Nov. 11.\n\n5,745 active cases.\n\n554 in hospital.\n110 ICU.	information	neutral
1459291862926300000	https://twitter.com/twitter/statuses/1459291862926307337	Fri Nov 12 22:47:47 +0000 2021	‚Äú‚Ä¶shows they are effective and can help keep some people out of the hospital. They are generally recommended for early treatment in high-risk unvaccinated individuals or people who may not mount a sufficient immune response to COVID-19 vaccination, such as transplant recipients‚Äù	efficacy	positive
1459291800217290000	https://twitter.com/twitter/statuses/1459291800217296902	Fri Nov 12 22:47:32 +0000 2021	This "I got the vax and then got covid but I would have died without the vax" argument shows you just how far gone some of them are. It's a cult. Mental illness.	efficacy	negative
1459291774053220000	https://twitter.com/twitter/statuses/1459291774053228550	Fri Nov 12 22:47:25 +0000 2021	So we need to show proof of vaccine to dine in yet medical staff can care for us in hospital without being vaccinated  @fordnation is spineless. ü§î #VoteFordOut2022	political	positive
1459291743799720000	https://twitter.com/twitter/statuses/1459291743799726088	Fri Nov 12 22:47:18 +0000 2021	@susiesnoww @CarterDFrost @ctvwinnipeg Did you know that vaccination you have doesn‚Äôt work üòÇ That is why you all have to wear masks. If it did work, the virus would be all gone by now. Natural immunity is the way to go üëçüèºüëçüèº	efficacy	negative
1459291630394040000	https://twitter.com/twitter/statuses/1459291630394040320	Fri Nov 12 22:46:51 +0000 2021	@DrJacobsRad @LeslynLewis @MarilynGladuSL @erinotoole But, but Facebook is so much fun and not boring like some medical journal. By the way, Simcoe Muskoka had a jump in New covid cases. The majority of which are unvaccinated or only partially vaccinated people. GET VACCINATED!!!	spread	positive
1459291629748160000	https://twitter.com/twitter/statuses/1459291629748162565	Fri Nov 12 22:46:51 +0000 2021	@doug_murano @StephenKing Social isolation/limited activities during the pandemic has sped up dementia in many elderly people. It happened to my dad. He passed away at almost 98 in April after catching covid in his seniors rez.	mandates	negative
1459291616963930000	https://twitter.com/twitter/statuses/1459291616963932161	Fri Nov 12 22:46:48 +0000 2021	Biden needs COVID numbers to rise to push his bullshit Vaccine mandate, this is why he's sending COVID-ridden immigrants to a State (FL) that has the lowest COVID cases in the country WITHOUT a mask or vaccine mandate! #herdimmunity is working in Florida!!	mandates	negative
1459291595317150000	https://twitter.com/twitter/statuses/1459291595317157897	Fri Nov 12 22:46:43 +0000 2021	@amunratep I hope you get the vaccine you are looking for. Everyone should be free to make whatever decision is best for them. Good luck.	mandates	negative
1459291486231600000	https://twitter.com/twitter/statuses/1459291486231609347	Fri Nov 12 22:46:17 +0000 2021	@CTVKitchener 3)In France, 208 children were reported to have suffered serious medical side effects (paralysis in 10 cases) after they received the Pfizer vaccine. On 29 September 2021, Slovenia suspended use of the Janssen vaccine following the death of a 20-year-old woman.	side_effect	negative
1459291397522170000	https://twitter.com/twitter/statuses/1459291397522178053	Fri Nov 12 22:45:56 +0000 2021	1/Vax Mandates are Unethical. "It is also unethical to fire people who choose not to get vaxed. Many of the vaccine-hesitant were the heroes of last year ‚Äì nurses, policemen, firefighters, truckers, &amp; others who kept our society functioning while the laptop class stayed home"	mandates	negative
1459291165065420000	https://twitter.com/twitter/statuses/1459291165065420806	Fri Nov 12 22:45:00 +0000 2021	@TorontoPolice Suspended with pay‚Ä¶ yet the city suspends others without pay for not taking a vaccine. We are beyond herd immunity, this isn‚Äôt right .	mandates	negative
1459291044659420000	https://twitter.com/twitter/statuses/1459291044659429377	Fri Nov 12 22:44:32 +0000 2021	@jesse94337954 @GlobalOkanagan Really lots of jobs,the vets didn‚Äôt serve and die so people could be  anti vaxxers during a global pandemic,they got vaxxed too,no complaints,and vaccines don‚Äôt cause sickness and death,Covid 19 does and it spreads to others	unvax	positive
1459290995858850000	https://twitter.com/twitter/statuses/1459290995858853888	Fri Nov 12 22:44:20 +0000 2021	@DoctorOntario I was just in the hospital for a few days almost everyone in the ER was having heart issues.  Should anyone with a vaccine injury receive help ? Lots of scientists and doctor's now claiming it's not as safe as they claim. It's shocking how many evil people are out there.	side_effect	negative
1459290979920270000	https://twitter.com/twitter/statuses/1459290979920273412	Fri Nov 12 22:44:16 +0000 2021	@bionaut111 @RachelNotley 10% of young people that is teenagers and pre-teens develop long covid	children	negative
1459290977420590000	https://twitter.com/twitter/statuses/1459290977420599305	Fri Nov 12 22:44:15 +0000 2021	@jordanbpeterson I wish we have more credible data about vaccinated vs cases and deaths. Are people gaining immunity by vaccination or just because they already had covid?	efficacy	neutral
1459290962585390000	https://twitter.com/twitter/statuses/1459290962585395206	Fri Nov 12 22:44:12 +0000 2021	Anyone else receive a call from Health Canada not identifying your name and telling you to press 1 to find out why there is an issue with your vaccination? Scam.	information	neutral
1459290948429510000	https://twitter.com/twitter/statuses/1459290948429516800	Fri Nov 12 22:44:09 +0000 2021	@JimPopowich @edmontonjournal People who are refusing vaccination are turning into social problems.\n\nThey have been fired from their jobs and rejected from their families. Do you think they'll just go away? No, they're radicalized now.\n\nOnly authoritarians support the vaccine mandates.	mandates	negative
1459290748856270000	https://twitter.com/twitter/statuses/1459290748856279040	Fri Nov 12 22:43:21 +0000 2021	@Robdissident @Jenna_bee__ @CP24 I actually have a number of comments.\n\n1) Sweden is being measured against the worst of the worst, and ranking with them\n\n2) Sweden had a massive death rate in the beginning of the pandemic, and is only leveling out now due to high vaccination rates.	efficacy	positive
1459290492441660000	https://twitter.com/twitter/statuses/1459290492441661445	Fri Nov 12 22:42:20 +0000 2021	@CTVKitchener 1) In Europe, each government has a different vaccination policy. The French Government has embarked on a ‚Äòvaccination‚Äô programme for children aged 12 to 17. In Sweden, Germany and Switzerland, for the same age group, either vaccination has been delayed or take-up is low(3).	children	neutral
1459290481951650000	https://twitter.com/twitter/statuses/1459290481951653895	Fri Nov 12 22:42:17 +0000 2021	We have been divided by vaccination status.\n\nThe first priority of this new world that we are building will be to provide access to a livelihood for those that have lost theirs.\n\nThis will require many of us in every region.\n\nThis is what we are doing. \n\nIt can be done.\n\n_\n\nTEAMS	mandates	negative
1459290345561370000	https://twitter.com/twitter/statuses/1459290345561378820	Fri Nov 12 22:41:45 +0000 2021	As of today, 14.6% of all Canadians over age 12 are considered second-class citizens based on vaccination status. Supposedly, Canada values freedom, inclusivity and equal rights. This is a huge step in the opposite direction. It's time to get back to Canadians being Canadian.	children	negative
1459290336925260000	https://twitter.com/twitter/statuses/1459290336925265920	Fri Nov 12 22:41:43 +0000 2021	Great presentation from the team behind Health TrueInfo - the multilingual Android app which aims to innovate the social media approach to tackling COVID-19 vaccine misinformation and hesitancy in Bolivia, India, and Canada @healthtrueinfo	information	positive
1459290315433680000	https://twitter.com/twitter/statuses/1459290315433689091	Fri Nov 12 22:41:38 +0000 2021	@TorontoStar While they allow water to be shut off in RAMARA Township part of Simcoe County,#covid#ford#dunlop#ramara	political	negative
1459290215047110000	https://twitter.com/twitter/statuses/1459290215047118852	Fri Nov 12 22:41:14 +0000 2021	@pfrancey @NaheedD @raehanbobby One local hospital had &lt;1% staff refuse vaccines, very few of that were healthcare professionals; most (not all) were support staff like kitchen and portering. Healthcare professionals mostly so excited to be vaccine eligible‚Äîtexting colleagues on days off etc to get the jab!	mandates	neutral
1459289958368300000	https://twitter.com/twitter/statuses/1459289958368301066	Fri Nov 12 22:40:13 +0000 2021	Why do working people have to get a vaccine but welfare people don‚Äôt?\n\nStop all mandates now!	mandates	negative
1459289955902100000	https://twitter.com/twitter/statuses/1459289955902103558	Fri Nov 12 22:40:12 +0000 2021	My GP just told me that he can't give me a temporary (one month) exemption, but that having a second covid vaccine might give me neurological impairment, based on my prior reaction. "It's a horrible situation," he said.	side_effect	negative
1459290000000000000	https://twitter.com/twitter/statuses/1459289880752640000	Fri Nov 12 22:39:54 +0000 2021	@dpakman Had Covid- now have had two Pfizer shots.  Side effects of vaccination were unpleasantly like having a light dose of Covid but not nearly as bad as being hospitalized, very sick, or suffering from long Covid‚Ä¶just saying‚Ä¶	side_effect	positive
1459289775014350000	https://twitter.com/twitter/statuses/1459289775014359043	Fri Nov 12 22:39:29 +0000 2021	@jencludwig05 Thank you for your support. If more vaccinated people felt this way, we could make some major headway against these vaccine passports in particular.	mandates	negative
1459289755410220000	https://twitter.com/twitter/statuses/1459289755410223108	Fri Nov 12 22:39:24 +0000 2021	@CTVNews I'm old enough to remember when @CTVNews and all other media plus our PM and Tam saying every vaccine was "safe and effective" we've all been sold a lie	efficacy	negative
1459289641157160000	https://twitter.com/twitter/statuses/1459289641157160962	Fri Nov 12 22:38:57 +0000 2021	@Superno_1111 And the vaccine is near useless	efficacy	negative
1459289040797240000	https://twitter.com/twitter/statuses/1459289040797245449	Fri Nov 12 22:36:34 +0000 2021	@IamExpatNL @markrutte @hugodejonge : I don‚Äôt understand why you thought it was time to lift restrictions.#covid certificates should always be imposed, masks should always stay &amp; capacity levels must stay.because people are not following social distancing, households gathering hasnt stopped	mandates	positive
1459289024753970000	https://twitter.com/twitter/statuses/1459289024753979392	Fri Nov 12 22:36:30 +0000 2021	@NaheedD Are you referring to vaccines or these ineffective, unlicensed COVID-19 trial injections?\n\nNot that I'm expecting an answer, nor should health workers you're dumping on.	efficacy	negative
1459288916486460000	https://twitter.com/twitter/statuses/1459288916486467592	Fri Nov 12 22:36:04 +0000 2021	@thebeavertales @Chrispbrinks @ChickenGate However. Even before COVID we made children prove their vaccine status to attend school. How is this different?	children	negative
1459288910924700000	https://twitter.com/twitter/statuses/1459288910924705793	Fri Nov 12 22:36:03 +0000 2021	@cspotweet Most people in the UCP and NDP support Nazi vaccine passports.\n\nTommy Douglas went to a Nazi rally in 1936 for the same reasons.\n\nMaybe the actual evil of the National Socialists should be studied and rejected.	mandates	negative
1459288896408140000	https://twitter.com/twitter/statuses/1459288896408145925	Fri Nov 12 22:35:59 +0000 2021	Last two days were awful that 2nd covid shot fucked me up slowly recovering feel much better now though after sleeping a whole 19 flipping hours XD	side_effect	neutral
1459288737255510000	https://twitter.com/twitter/statuses/1459288737255510016	Fri Nov 12 22:35:21 +0000 2021	@CPHO_Canada can you tell me where to find the data about children w HX of myocarditis and the covid vaccine? My 7 yo had twice at age 3. Do I give him vaccine (I believe he would be an approved med. Exemp) or wait for more data?	information	neutral
1459288710143520000	https://twitter.com/twitter/statuses/1459288710143520770	Fri Nov 12 22:35:15 +0000 2021	@ygkcouple Do you happen to know if they are requiring proof of vaccine?	information	neutral
1459288685384540000	https://twitter.com/twitter/statuses/1459288685384548368	Fri Nov 12 22:35:09 +0000 2021	@packetsniffer99 @KoenSwinkels So it‚Äôs not a vaccine and it‚Äôs not working‚Ä¶	efficacy	negative
1459288348904890000	https://twitter.com/twitter/statuses/1459288348904894480	Fri Nov 12 22:33:49 +0000 2021	@RStewart321 Let me ask my commie brother who won't talk to me anymore because of my vaccination status.	unvax	negative
1459287797634840000	https://twitter.com/twitter/statuses/1459287797634846720	Fri Nov 12 22:31:37 +0000 2021	Colorado Gov. Jared Polis has signed an executive order declaring all of Colorado to be at high risk from COVID-19, thereby making all adults eligible to receive vaccine booster shots.	information	neutral
1459287714004560000	https://twitter.com/twitter/statuses/1459287714004566016	Fri Nov 12 22:31:17 +0000 2021	@AreOhEssEyeEe @CBC We are literally given an open. Fall off the right cliff and get heart conditions with the vaccine. Or fall off the left cliff and have no food. No fun. No privileges by not getting the vaccine.	mandates	negative
1459287667871340000	https://twitter.com/twitter/statuses/1459287667871346690	Fri Nov 12 22:31:06 +0000 2021	@Stephwolfe101 If it required lying or fraud, no. If the teen was 14 or over, or emancipated, and had decided for him/herself that vaccine was wanted, I‚Äôd have no problem providing transportation. If younger, I‚Äôd be willing to help talk with parents about it.	children	negative
1459287418830560000	https://twitter.com/twitter/statuses/1459287418830565387	Fri Nov 12 22:30:07 +0000 2021	@DoctorOntario Lol, I think she mixed up who is ending up with heart attacks, and nobody is dying at home from covid, hasn‚Äôt she been watching the news, the hospitals are to the brink	spread	positive
1459287404192400000	https://twitter.com/twitter/statuses/1459287404192403463	Fri Nov 12 22:30:04 +0000 2021	@globeandmail China can't even be honest/trustworthy... at least the government. After they blamed everyone else for covid-19 when it came from their country. I wouldn't do business with china	political	neutral
1459287258171770000	https://twitter.com/twitter/statuses/1459287258171772929	Fri Nov 12 22:29:29 +0000 2021	@BLew_16 So if the vaccinated are the real heroes, then they must have put themselves at risk by taking the vaccine. Thus, it follows then that the vaccine isn't safe if it put them at risk. So it's time to stop vaccine madness and mandates.	unvax	negative
1459287216639850000	https://twitter.com/twitter/statuses/1459287216639856649	Fri Nov 12 22:29:19 +0000 2021	@CFosee @MercedesGlobal It‚Äôs about Mercedes regurgitating that crap Economist article saying Canada wouldn‚Äôt see widespread Covid vaccination until 2022. They cited our geographic challenges as a reason, amongst other things. It was so wrong, it‚Äôs laughable and another example of how #CdnMediaFails	political	neutral
1459287192723980000	https://twitter.com/twitter/statuses/1459287192723988481	Fri Nov 12 22:29:13 +0000 2021	Global vaccine inequity is a stain on nations who gobbled up enough doses to vaccinate their populations 5x over while health workers around the world go to work everyday with their life on the line.\n\nIt's an indictment of pharma companies who've put profits in front of people.	political	positive
1459287154778000000	https://twitter.com/twitter/statuses/1459287154778009602	Fri Nov 12 22:29:04 +0000 2021	Yay!!!!! He got his first dose today, after recently having said he doesn't believe covid is real. That makes me happy ‚ò∫Ô∏è.. Guess I owe him concert tickets for xmas now üòÖüòÇ #GetVaccinated	unvax	positive
1459287129951850000	https://twitter.com/twitter/statuses/1459287129951858689	Fri Nov 12 22:28:58 +0000 2021	@melJsaysso @SlaggitySlag @GodsteapotB @CoxeAnne @rattyratkinson Irrelevant. The point made earlier is some kids in some places can consent to an experimental vaccine without their parents consent. This is a proven fact that you disagreed with	children	negative
1459286755128050000	https://twitter.com/twitter/statuses/1459286755128057860	Fri Nov 12 22:27:29 +0000 2021	Show #25 Nov. 15 - Carm Bozzo &amp; Jerusha Mack from @HaltonWomensPl ; Nick Anastasopoulos &amp; Kerry Davren @cityburlington Building &amp; By-Law Dept. News: @Jo_Brant vaccine mandate; @RBGCanada Winter Wonders exhibit; Burl. Runners Club Blue Ribbon run; Burlington 2022 Budget Town Hall.	information	neutral
1459286610239970000	https://twitter.com/twitter/statuses/1459286610239971329	Fri Nov 12 22:26:54 +0000 2021	@kallmemeg What about infections vs vaccine induced immunity?	information	neutral
1459286373169610000	https://twitter.com/twitter/statuses/1459286373169610756	Fri Nov 12 22:25:58 +0000 2021	@bertrand_boily No for the vaccine ü§£ü§£	unvax	positive
1459286244895110000	https://twitter.com/twitter/statuses/1459286244895113222	Fri Nov 12 22:25:27 +0000 2021	@William90727434 @KFLAPH The vaccine really helped that group!	children	positive
1459286102070620000	https://twitter.com/twitter/statuses/1459286102070620162	Fri Nov 12 22:24:53 +0000 2021	Premier Jason Kenney announces that Alberta has received 5,000 doses of the Jansen COVID-19 vaccine. He expects another 15,000 to arrive soon.	information	neutral
1459286061960470000	https://twitter.com/twitter/statuses/1459286061960478723	Fri Nov 12 22:24:44 +0000 2021	Nurses Callie and Hannah work tirelessly each day to keep mothers &amp; birthing people safe from COVID-19. With the recent surge in cases and hospitalizations, the message is clear -- thank health care heroes by getting the vaccine.	spread	positive
1459286035272110000	https://twitter.com/twitter/statuses/1459286035272114178	Fri Nov 12 22:24:37 +0000 2021	BREAKING: Newsmax, the far right ‚Äúnews‚Äù outlet that has been aggressively pushing anti-vaccine messaging, announces it will be implementing a vaccine mandate for its employees. RT TO EXPOSE THEIR HYPOCRISY!	unvax	positive
1459286016397910000	https://twitter.com/twitter/statuses/1459286016397918214	Fri Nov 12 22:24:33 +0000 2021	If you get side effects from Joe Biden‚Äôs #COVID19 vaccine mandate, too bad! \n\nThe government likely won‚Äôt compensate you. \n\nBut if you come to the country illegally, Joe Biden will pay you $450,000.	political	negative
1459285656849420000	https://twitter.com/twitter/statuses/1459285656849420292	Fri Nov 12 22:23:07 +0000 2021	@lumber813 @charlesadler Yes it 100% matters, because there is no good reason to have forced Jews to wear yellow stars. But there is a scientifically provable reason to have vaccine passports to keep the general population safe. So in comparing the two, you‚Äôre saying Jews carried a spreadable disease.	mandates	positive
1459285590180910000	https://twitter.com/twitter/statuses/1459285590180917249	Fri Nov 12 22:22:51 +0000 2021	@ChristianPost Well that‚Äôs a load of doodoo, if you catch my drift. Where in the Bible are vaccine mandates deemed a sin? First of all, there were no vaccines back then. Secondly, there are hundreds of thousands of Christians who have have willingly been vaccinated as the right thing to do!	political	positive
1459285344952670000	https://twitter.com/twitter/statuses/1459285344952672256	Fri Nov 12 22:21:53 +0000 2021	@M9Scarlett @KimJone04052805 @MarcScottEmery @Metabo_PhD @WesternU @jordanbpeterson @GadSaad @RubinReport To be a public health hazard? Was he actively smoking? Did he have covid?\n\nI believe the word you're looking for is - potentially.\n\nYou can be arrested for *potentially* being a health hazard. \n\nWell, open the doors, we're all going to jail then.	mandates	negative
1459285259015630000	https://twitter.com/twitter/statuses/1459285259015630855	Fri Nov 12 22:21:32 +0000 2021	@LauraMy94524836 @Gov_NB Haha I had to try something - pessimism was starting to take a toll. I laugh but from the circuit breakers to all the covid deaths to the strike now about to enter a third week, it‚Äôs been a dark fall in NB.	political	neutral
1459284841036450000	https://twitter.com/twitter/statuses/1459284841036451840	Fri Nov 12 22:19:52 +0000 2021	@chadloder My mom who is an Auchwitz survivor from Vienna Austria, who spent ages 13-21 either in hiding, in prison or in Camp before being liberated, got the vaccine. What do they know about freedom and medicine and sacrifice that she doesn‚Äôt?	mandates	positive
1459284695003410000	https://twitter.com/twitter/statuses/1459284695003414538	Fri Nov 12 22:19:18 +0000 2021	I received mixed doses, first Pfizer then moderna, will it matter which booster I get? Like is a back to back moderna more effective than a Pfizer sandwich?	information	positive
1459284430376210000	https://twitter.com/twitter/statuses/1459284430376210433	Fri Nov 12 22:18:15 +0000 2021	@ScottBilleck New restrictions don't affect me in the least!  I was anticipating much more\n\nHowever, I just wish Health Canada would approve the vaccine for kids 5 and up	children	positive
1459284317062970000	https://twitter.com/twitter/statuses/1459284317062979585	Fri Nov 12 22:17:48 +0000 2021	@ceciliaaraneda So far it feels like their part is for us to do our part.\n- Checked for vaccination but not much else\n- Heard 1 reminder about masks.\n- Masks were not enforced in my area as number of people were mask less for entire game or periods.\n- Not sure what they are doing 4 ventilation.	information	positive
1459284279230350000	https://twitter.com/twitter/statuses/1459284279230353412	Fri Nov 12 22:17:39 +0000 2021	@elliottkrista @Tim_Bousquet The only way to get to covid zero is by non pharmaceutical mitigation	efficacy	negative
1460016807297700000	https://twitter.com/twitter/statuses/1460016807297708036	Sun Nov 14 22:48:27 +0000 2021	Biden went too far. This ridiculous vaccine mandate will be a failure from which he never recovers.	political	negative
1460016573968790000	https://twitter.com/twitter/statuses/1460016573968793600	Sun Nov 14 22:47:31 +0000 2021	Boycott Revelstoke Mountain Resort in BC Canada and their fascist vaccine mandate !	mandates	negative
1460016519300230000	https://twitter.com/twitter/statuses/1460016519300235270	Sun Nov 14 22:47:18 +0000 2021	@lmauricecpr @lisaaanne2 I‚Äôm in ON Canada. Masks are mandated, and we all wear them! NO BIG DEAL! But we do have our anti vaxxers. Including our Premier‚Äôs own family. It‚Äôs the vaccine passports that are in place that‚Äôs  throwing the anti‚Äôs panties in a knot. My huge beef, he‚Äôs going to lift them! üò°üá®üá¶	political	positive
1460016433593650000	https://twitter.com/twitter/statuses/1460016433593651203	Sun Nov 14 22:46:58 +0000 2021	@TimJDillon Yes Covid cases are rising but funny enough hospitalization rates and death rates still largely affecting the unvaccinated it‚Äôs like the non-VAX‚Äôr will look at any piece of information false or true to prove their argument,ü§∑üèº‚Äç‚ôÇÔ∏è face it folks the vaccines are working.	efficacy	positive
1460016359153150000	https://twitter.com/twitter/statuses/1460016359153156096	Sun Nov 14 22:46:40 +0000 2021	They‚Äôre not vaccine passports they‚Äôre digital prison apps because even if you get your jab , you‚Äôre only on probation with time off for good behaviour...reviewed every 3-6 months.\n\nDo you really want to live like that?ü§î	mandates	negative
1460016226432780000	https://twitter.com/twitter/statuses/1460016226432786433	Sun Nov 14 22:46:08 +0000 2021	We're doomed as a society when a label of flu shot, which is a vaccine, told to me it's not a vaccine. Ah yes, customer let me tell you about the flu-shot-vaccine we've had year to year and how you're more knowledgeable about a job you don't do and are such an expert at fallacies	unvax	positive
1460016158019440000	https://twitter.com/twitter/statuses/1460016158019448838	Sun Nov 14 22:45:52 +0000 2021	@Liberalism2021 @kinsellawarren I wouldn't go this far right now as thankfully in Canada our covid cases nowhere near that, but I think any crowded place should be for vaccinated only.  Unvaccinated can still go outside but no gatherings.	mandates	positive
1460016108652540000	https://twitter.com/twitter/statuses/1460016108652548098	Sun Nov 14 22:45:40 +0000 2021	Comparing COVID vaccination to the holocaust is anti-Semitic. \n\nPeriod. \n\n#ableg #abpoli #cdnpoli	unvax	neutral
1460016051895370000	https://twitter.com/twitter/statuses/1460016051895377927	Sun Nov 14 22:45:27 +0000 2021	Joe Biden's vaccine mandate is unconstitutional and illegal. \n\nPass it on.	mandates	negative
1460015885129680000	https://twitter.com/twitter/statuses/1460015885129687041	Sun Nov 14 22:44:47 +0000 2021	I know that, but as a nurse here in Florida and all over they‚Äôre way to many medical professionals that are against the vaccine and apparently are against science and therefore need to be terminated from their jobs.	mandates	positive
1460015855081770000	https://twitter.com/twitter/statuses/1460015855081771012	Sun Nov 14 22:44:40 +0000 2021	Joe Biden‚Äôs vaccine mandate is violence.\n\nDirecting OSHA to implement the vaccine mandate is an abuse of power.	mandates	negative
1460015716183200000	https://twitter.com/twitter/statuses/1460015716183203843	Sun Nov 14 22:44:07 +0000 2021	Joe Biden‚Äôs vaccine mandate will force companies to fire truck drivers delivering goods for the holidays. \n\nTruck drivers! Who work alone in the cab of a truck all day long.	mandates	negative
1460015708092300000	https://twitter.com/twitter/statuses/1460015708092305414	Sun Nov 14 22:44:05 +0000 2021	@asnordvik @351ScientzCFC @ecniuq_ @lindsey_peacher @hawkinscm12 @TimJDillon Neither COVID-19 disease nor the new COVID-19 vaccines have shown evidence of causing ADE.	side_effect	positive
1460015417087290000	https://twitter.com/twitter/statuses/1460015417087299585	Sun Nov 14 22:42:55 +0000 2021	@skrymir42 @WoodBuffaloSens @That80sG @LalimesMartian @Media_Sens @NHL @NHLFlames Have a good time restricting yourself to covid rules for the next 10 years, I can promise not a single person in the real world cares about themüëã	mandates	negative
1460015241555620000	https://twitter.com/twitter/statuses/1460015241555628035	Sun Nov 14 22:42:14 +0000 2021	@JuanIsMe @CCCAlliance Especially when the ‚Äúscience‚Äù underlying such a demand is demonstrably fraudulent (aka: a lie). \n\nWe can work together to support vaccination programs that work, for this crisis or a future one.\n\nBut if you are suggesting that it‚Äôs okay for people to be forced into a shot‚Ä¶ 2/	mandates	negative
1460014741380870000	https://twitter.com/twitter/statuses/1460014741380870147	Sun Nov 14 22:40:14 +0000 2021	@breakfasttv Why are we getting a,second vaccine shot...ther are more persons getting covid then those with only one dose? Whats really going on ü§îü§î...does anyone have answers? Plus we got 2 doses...but covid cases keeps rising...Really...what is going on? Anyoneü§î?	efficacy	neutral
1460014604331840000	https://twitter.com/twitter/statuses/1460014604331847682	Sun Nov 14 22:39:42 +0000 2021	@BarefootFred1 @MiraLestrange @ReutersFacts Ever notice how these stories come from unverified anonymous accts aka bots, yet the covid stories come from real verifiable accts and often healthcare workers?	efficacy	negative
1460014582525670000	https://twitter.com/twitter/statuses/1460014582525673473	Sun Nov 14 22:39:36 +0000 2021	@JuanIsMe @CCCAlliance That‚Äôs 18. You‚Äôll find many, many more if you try. Let my be clear, @JuanIsMe: I support you and your choice to take the shot. I do not support anybody telling someone else they have to take any medical product under duress, be it a vaccine, pill, or anything else. 1/	mandates	negative
1460014282314330000	https://twitter.com/twitter/statuses/1460014282314338305	Sun Nov 14 22:38:25 +0000 2021	The U.S. administered almost 10 million vaccine doses in the last week, the most since late May, according to the White House.	information	neutral
1460014065762250000	https://twitter.com/twitter/statuses/1460014065762254850	Sun Nov 14 22:37:33 +0000 2021	@Notbuyingthisbs I am getting so tired of explaining this. How hard is it to think about what the vaccine is doing, and how it will impact the spread/impact of the virus in the population?	spread	positive
1460014016785520000	https://twitter.com/twitter/statuses/1460014016785522693	Sun Nov 14 22:37:22 +0000 2021	Have once again started hearing- this friend has covid, that relative has covid. Please mask up, stay safe.	mandates	positive
1460013879761650000	https://twitter.com/twitter/statuses/1460013879761653766	Sun Nov 14 22:36:49 +0000 2021	@DrTomFrieden Yes, I totally agree, and these additional vaccines need to be distributed worldwide and in enough numbers to ensure that we achieve near-universal vaccination across the globe.	spread	positive
1460013817228920000	https://twitter.com/twitter/statuses/1460013817228926981	Sun Nov 14 22:36:34 +0000 2021	The U.S. has added 5.6 million jobs since President @JoeBiden took office. \n\nThis recovery was sparked by the American Rescue Plan putting money directly in the hands of working families and launching one of the fastest mass vaccination campaigns ever.	political	positive
1460013736765230000	https://twitter.com/twitter/statuses/1460013736765231106	Sun Nov 14 22:36:15 +0000 2021	@kosheralcoholic @ElectionWiz Thats right. Nearly 800,000 are dead from covid. It's a scam. Anything under 2 million dead is insignificant.	political	negative
1460013674140080000	https://twitter.com/twitter/statuses/1460013674140082178	Sun Nov 14 22:36:00 +0000 2021	@DrTomFrieden Agreed 100%.   Only vaccine kills and mitigates the virus.  Pseudo science and horse laxative do not .	efficacy	positive
1460013166826510000	https://twitter.com/twitter/statuses/1460013166826512387	Sun Nov 14 22:33:59 +0000 2021	@clif_high Let me just add\nIf your blood type is  A+or A-\nYou might be at risk of moderna clots	side_effect	negative
1460012970361110000	https://twitter.com/twitter/statuses/1460012970361114626	Sun Nov 14 22:33:12 +0000 2021	@KiminLa @NBCNews Quite a number of researchers have been complaining recently about peer review papers getting edited or bounced where they don't agree with general government narratives. There is no doubt but that there is some censorship going on with regard to covid.	efficacy	negative
1460012943756560000	https://twitter.com/twitter/statuses/1460012943756562434	Sun Nov 14 22:33:06 +0000 2021	@Oilerfan9911 @CupeAB Equally polio has ripped through the Middle East, Rubella has never been defeated and tbh this isn‚Äôt and should be called a vaccine as it‚Äôs not. Nits a flu shot at best.  Notice you got vaccines as a child in serious and that was it.	efficacy	negative
1460012857639290000	https://twitter.com/twitter/statuses/1460012857639292936	Sun Nov 14 22:32:45 +0000 2021	@RichardRude6 @CityNewsTO Then why are you complaining? If you got two shots I'd assume you're reasonable enough to understand the vaccine is necessary to end the pandemic and these measures seeking to push most people to get it, are precisely trying to achieve that..I don't understand your reasoning.	efficacy	positive
1460012729305940000	https://twitter.com/twitter/statuses/1460012729305944074	Sun Nov 14 22:32:15 +0000 2021	Had dinner last night with friends who are &lt; 60 and more than 6 months out from their 2nd mRNA vaccine dose. I told them to get a booster. The current requirement for a high risk job or high risk med condition in people 18 - 60 is misplaced and almost certain to change.	spread	positive
1460012577249910000	https://twitter.com/twitter/statuses/1460012577249918977	Sun Nov 14 22:31:38 +0000 2021	@Oilerfan9911 @CupeAB Yeah and there are still people dying even with the Covid vaccine.  There‚Äôs also many that have had adverse effects and now have lifelong side effects as well as deaths‚Ä¶	side_effect	negative
1460012517166660000	https://twitter.com/twitter/statuses/1460012517166665730	Sun Nov 14 22:31:24 +0000 2021	@Golden_Pup They promise 'just wait till vaccines', then Covid waves will end and we'll give you your life and freedoms back'.  We now know that was a lie.  Waves to continue indefinitely.  So when will overlords give us our lives back now? #covidmyths	efficacy	negative
1460012510803900000	https://twitter.com/twitter/statuses/1460012510803906567	Sun Nov 14 22:31:22 +0000 2021	@nationalpost Or, O'Fool's flip flopping.\nOr, O'Fool's lack of control over the party.\nOr, O'Fool's lame stance on vaccine mandates.\nOr.....	political	neutral
1460011912515790000	https://twitter.com/twitter/statuses/1460011912515796992	Sun Nov 14 22:29:00 +0000 2021	@CTVNews Or.....it could be the vaccine	side_effect	negative
1460011880273960000	https://twitter.com/twitter/statuses/1460011880273965059	Sun Nov 14 22:28:52 +0000 2021	Tesco is the latest company to show its support for medical apartheid with Santa showing his proof of vaccination.\n\nWhat are you selling? Food, or agenda?\n\n#BoycottTesco	mandates	negative
1460011870010710000	https://twitter.com/twitter/statuses/1460011870010716161	Sun Nov 14 22:28:50 +0000 2021	Thinking back though the last 6 days, I have literally watched 9 covid+ people take their last breath - all unvaccinated - families heartbroken and wondering why. \n\nUNVACCINATED\n\nI‚Äôm out of words for people who are unwilling to get a statistically tremendously safe vaccine.	unvax	positive
1460011810392880000	https://twitter.com/twitter/statuses/1460011810392883209	Sun Nov 14 22:28:35 +0000 2021	@dwarrilow2002 @dscseedguy Sorry, but I don't need any of that as I trust the trained medical professionals to interpret the data and advise accordingly. \nI am fortunate in being eligible, because of age, for my third vaccination later this week.	efficacy	positive
1460011800406060000	https://twitter.com/twitter/statuses/1460011800406069248	Sun Nov 14 22:28:33 +0000 2021	The mandate isn't about a vaccine.\n\nIt's about giving the ruling class power to track everything you do.	mandates	negative
1460011658059910000	https://twitter.com/twitter/statuses/1460011658059915270	Sun Nov 14 22:27:59 +0000 2021	@DrNeilStone Literally cut off a friend yesterday after her whining on a FB post that she was going to lose her job because of the vaccine mandate when she works in the same building as one of my husband‚Äôs best friends. So over this BS	unvax	positive
1460011654922390000	https://twitter.com/twitter/statuses/1460011654922395649	Sun Nov 14 22:27:58 +0000 2021	@impishchimp It‚Äôs definitely an extreme. I disagree with it, from a mobility rights perspective. I agree with vaccine mandates and proof of vaccination, but this is reminiscent of far right regimes. In terms of courage: European gov‚Äôts got it	mandates	neutral
1460011550115340000	https://twitter.com/twitter/statuses/1460011550115344400	Sun Nov 14 22:27:33 +0000 2021	@raygaurca @IanGFoss Sure, but policy makers do not view this as an emergency.  Yes, great things said at a mic, flatten curves, save healthcare from overload.  Yah yah.  No plan, vaccines are a tool, not a plan.  I wish them well.  I‚Äôm looking at post peak Covid, like 2025 or so.	efficacy	negative
1460011352756470000	https://twitter.com/twitter/statuses/1460011352756473862	Sun Nov 14 22:26:46 +0000 2021	üí•The Double-Jabbed are Dying at a 6 Times Higher Rate than the Unvaxxed!üí•\n(Mercola dot com 11/10/21)  RT!!\n\nRecent data from the U.K. Office of Nat'l Statistics reveals people who have gotten 2 covid jabs are dying from all causes at a rate six times higher than the unvaxxed.	unvax	negative
1460011343768120000	https://twitter.com/twitter/statuses/1460011343768129539	Sun Nov 14 22:26:44 +0000 2021	@merry123459 What an unbelievable show of disrespect for the Jewish people. How I ask, could any person in their right mind compare getting a vaccination with being led into a gas chamber for being of the Jewish faith? I am appalled by them.	unvax	positive
1460011295810500000	https://twitter.com/twitter/statuses/1460011295810506759	Sun Nov 14 22:26:33 +0000 2021	@careyjones88 @craigMactruck @CTVNews Get this, the ontario government checks our vaccination records every single year to make sure we‚Äôve had the mmr vaccine and that  we have our dpt booster. They also check to make sure we‚Äôve been tested for TB	political	negative
1460011118487870000	https://twitter.com/twitter/statuses/1460011118487875596	Sun Nov 14 22:25:50 +0000 2021	@jenn_summers01 The current level of danger in these jobs is unacceptable.  A young family member of mine just caught covid while working at a Saskatoon McDonald's.  Do you think McDonald's cares?  They just pass her shifts on to someone else.	spread	positive
1460011045699810000	https://twitter.com/twitter/statuses/1460011045699817473	Sun Nov 14 22:25:33 +0000 2021	@thekcrews Yes, as said by 100,000s who died. And why do something that shows you care about your community?? And protecting others from potential spread?? Sure is nothing to wear a mask or get a free vaccine.	spread	positive
1460010886072960000	https://twitter.com/twitter/statuses/1460010886072963073	Sun Nov 14 22:24:55 +0000 2021	And no, there's no other way to take that. If you're willing to put your life on the line for your communities (as cops claim to) then even if you believe the absolute worst lies about the vaccine if getting it meant staying employed for that call...you'd do it.	mandates	positive
1460010819563960000	https://twitter.com/twitter/statuses/1460010819563962377	Sun Nov 14 22:24:39 +0000 2021	The war on drugs, war on terror, war on covid &amp; war on climate change, all share invisible enemies, unspecified targets, perpetually shifting goalposts &amp; malleable/palatable messages dressed under the guise of virtue &amp; in our best interests.\n\nNothing but a template for control.	political	negative
1460010792892440000	https://twitter.com/twitter/statuses/1460010792892440576	Sun Nov 14 22:24:33 +0000 2021	@careyjones88 @craigMactruck @CTVNews Actually they do, you require it for school. My work also requires that I have the dpt vaccine every ten years‚Ä¶diphtheria, polio and tetanus	mandates	positive
1460010382957880000	https://twitter.com/twitter/statuses/1460010382957887491	Sun Nov 14 22:22:55 +0000 2021	I think covid, vaccines and passports are all just an IQ test and the majority of people are failing.	mandates	negative
1460010334215880000	https://twitter.com/twitter/statuses/1460010334215884813	Sun Nov 14 22:22:44 +0000 2021	99.92% of Canadians have survived Covid! Pretty amazing. Implementing a vaccine passport and confining unvaccinated citizens isn‚Äôt justifiable. Stay strong! \n\n#Canada #Ontario #Quebec #COVID19	mandates	negative
1460010178921870000	https://twitter.com/twitter/statuses/1460010178921877509	Sun Nov 14 22:22:06 +0000 2021	@Qweeniey Holy crud. Yeah like Canadians can't go anywhere now regardless but everyone else gotta be really careful with vaccine or no vaccine rules in countries.	mandates	negative
1460010050576080000	https://twitter.com/twitter/statuses/1460010050576080896	Sun Nov 14 22:21:36 +0000 2021	Names for the newest vaccine for Climate Change... and GO!\n\n(FYI, my vote is for "The Climatizer by Pfizer")	efficacy	negative
1460009955369620000	https://twitter.com/twitter/statuses/1460009955369627655	Sun Nov 14 22:21:13 +0000 2021	@adcom503 @mog7546 I‚Äôm sorry. I have a sibling who went through chemo and won‚Äôt get the vaccine. I understand your frustration.	unvax	positive
1460009833244070000	https://twitter.com/twitter/statuses/1460009833244073986	Sun Nov 14 22:20:44 +0000 2021	@BrianTo90883311 @Maritimetara @MikeNB2021 I have a friend who just died from covid - after an unvaccinated person lied about being sick.  Don't spout your wacky SciFi bullüí© here. ü§¨	unvax	positive
1460009709864290000	https://twitter.com/twitter/statuses/1460009709864292354	Sun Nov 14 22:20:15 +0000 2021	@TheTorontoSun @reporterkevin Makes more sense than mandating a vaccine that doesn‚Äôt work.	efficacy	negative
1460009701110770000	https://twitter.com/twitter/statuses/1460009701110779904	Sun Nov 14 22:20:13 +0000 2021	@ChicIsCoolio @FruityLilly Most people would ssy time constraints and other stuff for the covid 19 things but on the other hand chicken pocks polio tetans rotovirus mumps mesles the list can go on Vaccines they do help people but you only needed one shot compared to now where it's 2 plus boosters.	efficacy	negative
1460009495564660000	https://twitter.com/twitter/statuses/1460009495564668931	Sun Nov 14 22:19:24 +0000 2021	@Laurie_Garrett 63 died.  thats sad.  in russia 2,000 people die every day from Covid Virus.  63 is a testament to the power of vaccination.	efficacy	positive
1460009410160380000	https://twitter.com/twitter/statuses/1460009410160381963	Sun Nov 14 22:19:03 +0000 2021	@VaxxersAnti Gotta love Tatiana's suggestion to take a needle and poke holes in the masks to breath easier. Or he could just get a few needle pokes of the safe vaccine and problem solved.	unvax	positive
1460009049085430000	https://twitter.com/twitter/statuses/1460009049085431810	Sun Nov 14 22:17:37 +0000 2021	@criticalcarej @geoffberner @adriandix @WestJet It‚Äôs the same with @AirCanada No ones vaccination status was checked on either leg of my Vancouver-Ottawa-Vancouver flights @CTA_gc @GovCanHealth	mandates	neutral
1460008883783700000	https://twitter.com/twitter/statuses/1460008883783704576	Sun Nov 14 22:16:58 +0000 2021	its dissapointing how some people have really changed for the worse with covid its turned some people from decent to toxic	unvax	neutral
1460008767442070000	https://twitter.com/twitter/statuses/1460008767442071561	Sun Nov 14 22:16:30 +0000 2021	@BrianLenzkes I‚Äôm over the term ‚Äúbreakthrough‚Äù. Can we be real for a minute ? They‚Äôre just infections! The vaccine does not prevent infection says PFIZER!! Wake up!!	efficacy	negative
1460008724312080000	https://twitter.com/twitter/statuses/1460008724312084494	Sun Nov 14 22:16:20 +0000 2021	@johniadarola There's a Venn diagram of people ranting against cancel culture; bleating that vaccine mandates are Naziism; wanting to burn / ban books; and never having actually read The Handmaid's Tale.	unvax	positive
1460008685615200000	https://twitter.com/twitter/statuses/1460008685615206400	Sun Nov 14 22:16:10 +0000 2021	@CDBInvesting That's implying that once your vaxxed you can't pass along covid. We know you can. So kind of irrelevant. More likely these sparsely populated areas are dealing with outbreaks for the first time. Parts of BC in Canada are going through a similar issue. Worth watching..	spread	neutral
1460008642275590000	https://twitter.com/twitter/statuses/1460008642275590147	Sun Nov 14 22:16:00 +0000 2021	Librarians are incredible. My 10-year-old got vaccinated today and the Frederick County public librarians were at the vaccine clinic dressed as book characters and unicorns and telling jokes and giving high fives to all the kids and putting them at ease and it was the coolest.	children	neutral
1460008635963110000	https://twitter.com/twitter/statuses/1460008635963113473	Sun Nov 14 22:15:59 +0000 2021	@GraceALore @CityOfVictoria Seriously she literally just lied the other day saying the #kamloops hospital outbreak had ‚Äúcalmed down‚Äù yet 3 more units are in outbreak.  There‚Äôs 29 long term care /acute outbreaks shes with holding rapid tests, she thinks covid can‚Äôt go around corners nominatesd by ex HR ndp	political	neutral
1460008557143750000	https://twitter.com/twitter/statuses/1460008557143756804	Sun Nov 14 22:15:40 +0000 2021	@LJ_Pritchard @ClarkeMicah I think people are well aware of the problem and regret treating covid like the flu.	spread	negative
1460008547043920000	https://twitter.com/twitter/statuses/1460008547043926019	Sun Nov 14 22:15:37 +0000 2021	Current issues in Cumberland North: covid outbreak at a long term care home, school related covid cases, inadequate access to covid testing, striking workers at a major employer‚Ä¶but let‚Äôs focus on the border, again. And again, and again.	spread	neutral
1460008512109480000	https://twitter.com/twitter/statuses/1460008512109481987	Sun Nov 14 22:15:29 +0000 2021	Calling people 'anti-vaxxers' because they refuse to take ONE rushed vaccine with the worst safety profile in modern vaccine history is pure propaganda.	unvax	negative
1460008498968890000	https://twitter.com/twitter/statuses/1460008498968895498	Sun Nov 14 22:15:26 +0000 2021	@EM_RESUS Probably the hardest part about this phase of the pandemic is having to explain to people who can barely breathe while they beg for a vaccine why it‚Äôs too late for them to have it now.	unvax	positive
1460008489695250000	https://twitter.com/twitter/statuses/1460008489695252484	Sun Nov 14 22:15:24 +0000 2021	Do any local businesses anticipate any issues with tomorrow being the first day QR code vaccination records are required, or have most people already started using their QR codes? #Yeg  #yegbusiness	mandates	neutral
1460008390646760000	https://twitter.com/twitter/statuses/1460008390646763523	Sun Nov 14 22:15:00 +0000 2021	@horsegestapo @horsegestapo Hi there, our vaccine requirement for employees is in compliance with the recent Transport Canada safety regulation on mandatory vaccines for federally regulated transportation employees. ^ab	information	neutral
1460008002866400000	https://twitter.com/twitter/statuses/1460008002866409472	Sun Nov 14 22:13:28 +0000 2021	The side effects of the Vaccine and have knowledge of your family history if you get the covid19 Vaccine and it causes heart failure and or kills you the church will rule it as attempted suicide or suicide if you die. @congresscongres #congressdotgov @CDCemergency  #CDCemergency	side_effect	negative
1460007776613100000	https://twitter.com/twitter/statuses/1460007776613109760	Sun Nov 14 22:12:34 +0000 2021	@jimstewartson I find it sort of funny that the narratives you question are the ones that ask questions but don't question when science finally got settled (2015 - climate urgency, 2020 - covid , 2021 - vax and mandates despite half the population likely having natural immunity). Question more!	efficacy	negative
1460007682929270000	https://twitter.com/twitter/statuses/1460007682929270792	Sun Nov 14 22:12:11 +0000 2021	@El86562179 @racer_hex @ToddZywicki first this is not a true vaccine by definition because it doesn't carry dead virus so no blue print for the immune system second in a true vaccine you can use different hosts  eggs are the most used for real vaccines but other  cultures are used. This from the information	efficacy	negative
1460007379517380000	https://twitter.com/twitter/statuses/1460007379517382660	Sun Nov 14 22:10:59 +0000 2021	@skrymir42 @WoodBuffaloSens @That80sG @LalimesMartian @Media_Sens @NHL @NHLFlames Healthcare capacity has sucked in Canada for the last 10 years, it just hasn‚Äôt got reported on until everyone started blaming covid for it, but go off on the false narrative you‚Äôre trying to createüòÇüòÇ	political	negative
1460007261435300000	https://twitter.com/twitter/statuses/1460007261435305994	Sun Nov 14 22:10:31 +0000 2021	We‚Äôre seeing more pregnant patients with symptomatic COVID this month than at any other time in the pandemic. I *cannot stress enough* how important vaccination is for people who are pregnant, recently pregnant, or planning to be pregnant. Do it for your baby, do it for yourself.	information	positive
1460007258465570000	https://twitter.com/twitter/statuses/1460007258465574913	Sun Nov 14 22:10:30 +0000 2021	@NE1_15_26W @davidfrum When you create your own problem, no one is going to be very sympathetic.\n\nGet the vaccine. Problem solved. You can freely travel, and, as an added bonus, not die.	mandates	positive
1460007220918330000	https://twitter.com/twitter/statuses/1460007220918337543	Sun Nov 14 22:10:21 +0000 2021	@EswatiniGovern1 Have you considered vaccinating 5-12 year olds using the Pfizer vaccine?	children	neutral
1460007188017990000	https://twitter.com/twitter/statuses/1460007188017995777	Sun Nov 14 22:10:13 +0000 2021	@NE1_15_26W @davidfrum Vaccine passports are not new. The technology is. I still have my old vaccine booklet from 1971. I needed a smallpox vaccination to travel to the USSR. Other countries required cholera &amp;/or yellow fever vaccines, I think some still do.	mandates	positive
1460007092970930000	https://twitter.com/twitter/statuses/1460007092970930177	Sun Nov 14 22:09:51 +0000 2021	@skrymir42 @WoodBuffaloSens @That80sG @LalimesMartian @Media_Sens @NHL @NHLFlames If you haven‚Äôt realized that Canada healthcare system capacity sucks, you‚Äôre lost. Maybe improve the capacity and you won‚Äôt find places crying every winter about capacity complaints? It‚Äôs not like capacity just started being an issue with covid. It‚Äôs always been.	political	negative
1460006946858310000	https://twitter.com/twitter/statuses/1460006946858311680	Sun Nov 14 22:09:16 +0000 2021	@Sam_and_the_dog @Happyjustice4 @WestJet It's for a 30 day transition period until December 1st to allow airlines to update / modify their online check-in software to allow guests to upload vaccine receipts/vaccine QR code.	information	neutral
1460006619522020000	https://twitter.com/twitter/statuses/1460006619522027524	Sun Nov 14 22:07:58 +0000 2021	@NE1_15_26W @davidfrum Vaccine requirements for foreign visitors  is hardly new. I went to Kenya in 2010 and I had to get a yellow fever vaccine before I went. I went to a travel doctor ‚Äî a doctor whose sole job is to vaccinate travelers (some mandatory, some advised) before embarking on trips.	mandates	positive
1460006579340600000	https://twitter.com/twitter/statuses/1460006579340603393	Sun Nov 14 22:07:48 +0000 2021	@ctvedmonton Bull crap.   Proof of vaccination is proof.  Midnight requires some QR code‚Ä¶ crazy days	mandates	negative